{"cameraMode":{"drawMode":0,"name":"Shaded","section":"Shading Mode"},"sceneLighting":true,"audioPlay":false,"sceneViewState":{"showFog":false,"showMaterialUpdate":false,"showSkybox":false,"showFlares":false,"showImageEffects":false,"showParticleSystems":false},"in2DMode":false,"pivot":{"x":5.526519775390625,"y":-4.175082206726074,"z":5.94068717956543},"rotation":{"x":0.1246250569820404,"y":0.19717739522457124,"z":-0.025279467925429345,"w":0.9721450805664063},"size":12.627549171447754,"orthographic":false}